[
  {
    "title": "네이버, 3분기 매출 10% 성장…클라우드 사업 호조",
    "description": "네이버는 3분기 실적에서 전년 대비 10% 성장세를 보였으며, 특히 클라우드 부문이 매출 성장을 견인했다.",
    "pubDate": "2025-11-09T09:00:00"
  },
  {
    "title": "카카오, 인공지능 투자 확대 선언",
    "description": "카카오는 AI 연구 인력을 2배로 늘리고 대규모 투자를 진행하겠다고 밝혔다.",
    "pubDate": "2025-11-09T08:30:00"
  },
  {
    "title": "삼성전자, 반도체 업황 개선에 따른 실적 회복세",
    "description": "삼성전자는 D램 수요 회복과 함께 반도체 부문 실적이 개선되고 있다고 발표했다.",
    "pubDate": "2025-11-09T07:00:00"
  },
  {
    "title": "LG화학, 글로벌 배터리 시장 둔화로 수익성 하락",
    "description": "배터리 시장 둔화와 원자재 가격 상승으로 LG화학의 영업이익이 감소했다.",
    "pubDate": "2025-11-08T22:10:00"
  }
]
