{"version":"V2","requestId":"3a064843-8c14-4e4e-943d-a50e06c043dd","timestamp":1764303894978,"images":[{"uid":"9c00bb65f231426bbccce9bd2369dfc7","name":"bizcard","inferResult":"SUCCESS","message":"SUCCESS","validationResult":{"result":"NO_REQUESTED"},"nameCard":{"meta":{"estimatedLanguage":"en"},"result":{"company":[{"text":"106","keyText":"","confidenceScore":0.0,"boundingPolys":[{"vertices":[{"x":202.0,"y":460.0},{"x":245.0,"y":460.0},{"x":245.0,"y":477.0},{"x":202.0,"y":477.0}]}],"maskingPolys":[]}]}}}]}
