{"version":"V2","requestId":"2722602b-3f7c-4ad7-9dc3-2ed0f7d5c186","timestamp":1764045407195,"images":[{"uid":"235fa188943447308b1c75974d1cd0ea","name":"bizcard","inferResult":"SUCCESS","message":"SUCCESS","validationResult":{"result":"NO_REQUESTED"},"nameCard":{"meta":{"estimatedLanguage":"ko"},"result":{"name":[{"text":"홍 길동","keyText":"","confidenceScore":0.0,"boundingPolys":[{"vertices":[{"x":555.0,"y":174.0},{"x":696.0,"y":174.0},{"x":696.0,"y":214.0},{"x":555.0,"y":214.0}]}],"maskingPolys":[]}],"company":[{"text":"우리은행","keyText":"","confidenceScore":0.0,"boundingPolys":[{"vertices":[{"x":114.0,"y":286.0},{"x":249.0,"y":286.0},{"x":249.0,"y":331.0},{"x":114.0,"y":331.0}]}],"maskingPolys":[]}],"address":[{"text":"110-792 서울특별시 강남구 강남대로 298","keyText":"","confidenceScore":0.0,"boundingPolys":[{"vertices":[{"x":119.0,"y":342.0},{"x":421.0,"y":342.0},{"x":421.0,"y":365.0},{"x":119.0,"y":365.0}]}],"maskingPolys":[]}],"position":[{"text":"과장","keyText":"","confidenceScore":0.0,"boundingPolys":[{"vertices":[{"x":654.0,"y":216.0},{"x":694.0,"y":216.0},{"x":694.0,"y":235.0},{"x":654.0,"y":235.0}]}],"maskingPolys":[]}],"mobile":[{"text":"010-1234-5678","keyText":"","confidenceScore":0.0,"boundingPolys":[{"vertices":[{"x":406.0,"y":370.0},{"x":581.0,"y":370.0},{"x":581.0,"y":390.0},{"x":406.0,"y":390.0}]}]}],"tel":[{"text":"02-3443-0020","keyText":"","confidenceScore":0.0,"boundingPolys":[{"vertices":[{"x":116.0,"y":370.0},{"x":254.0,"y":370.0},{"x":254.0,"y":390.0},{"x":116.0,"y":390.0}]}]}],"fax":[{"text":"02-3443-0020","keyText":"","confidenceScore":0.0,"boundingPolys":[{"vertices":[{"x":259.0,"y":370.0},{"x":400.0,"y":370.0},{"x":400.0,"y":390.0},{"x":259.0,"y":390.0}]}]}],"email":[{"text":"mhtong@wooribank.com","keyText":"","confidenceScore":0.0,"boundingPolys":[{"vertices":[{"x":174.0,"y":399.0},{"x":369.0,"y":399.0},{"x":369.0,"y":421.0},{"x":174.0,"y":421.0}]}],"maskingPolys":[]}],"homepage":[{"text":"www.wooribank.com","keyText":"","confidenceScore":0.0,"boundingPolys":[{"vertices":[{"x":375.0,"y":399.0},{"x":542.0,"y":399.0},{"x":542.0,"y":420.0},{"x":375.0,"y":420.0}]}],"maskingPolys":[]}]}}}]}
